id;name;file;file_content_type
1;cheerfully enroll gray;../fake-data/blob/hipster.png;image/png
2;mundane over after;../fake-data/blob/hipster.png;image/png
3;till for;../fake-data/blob/hipster.png;image/png
4;powerful towards;../fake-data/blob/hipster.png;image/png
5;afore marvelous preside;../fake-data/blob/hipster.png;image/png
6;zowie innocently;../fake-data/blob/hipster.png;image/png
7;bourgeoisie typify majority;../fake-data/blob/hipster.png;image/png
8;hm slide;../fake-data/blob/hipster.png;image/png
9;fortunately;../fake-data/blob/hipster.png;image/png
10;culture;../fake-data/blob/hipster.png;image/png
